{
  "project_info": {
    "project_number": "275180203692",
    "project_id": "project-kool",
    "storage_bucket": "project-kool.appspot.com"
  },
  "client": [
    {
      "client_info": {
        "mobilesdk_app_id": "1:275180203692:android:db50b378d38c83d3e3f909",
        "android_client_info": {
          "package_name": "com.example.kool"
        }
      },
      "oauth_client": [
        {
          "client_id": "275180203692-nqu5tpa6mkf4dam7s5s7li2po8qmfuo7.apps.googleusercontent.com",
          "client_type": 3
        }
      ],
      "api_key": [
        {
          "current_key": "AIzaSyAhqxycIP4QpxWOWVPF79lfMnxxgblCExE"
        }
      ],
      "services": {
        "appinvite_service": {
          "other_platform_oauth_client": [
            {
              "client_id": "275180203692-nqu5tpa6mkf4dam7s5s7li2po8qmfuo7.apps.googleusercontent.com",
              "client_type": 3
            }
          ]
        }
      }
    },
    {
      "client_info": {
        "mobilesdk_app_id": "1:275180203692:android:dc06c46ad2be30a4e3f909",
        "android_client_info": {
          "package_name": "com.example.projectkool"
        }
      },
      "oauth_client": [
        {
          "client_id": "275180203692-nqu5tpa6mkf4dam7s5s7li2po8qmfuo7.apps.googleusercontent.com",
          "client_type": 3
        }
      ],
      "api_key": [
        {
          "current_key": "AIzaSyAhqxycIP4QpxWOWVPF79lfMnxxgblCExE"
        }
      ],
      "services": {
        "appinvite_service": {
          "other_platform_oauth_client": [
            {
              "client_id": "275180203692-nqu5tpa6mkf4dam7s5s7li2po8qmfuo7.apps.googleusercontent.com",
              "client_type": 3
            }
          ]
        }
      }
    }
  ],
  "configuration_version": "1"
}